title,price,size,sku
TR140-9110 Trinity Ranch Hair-On Cowhide Collection Backpack,$94.99, ,SKU:TR140-9110BK
MW1098G-8085 Montana West Concho Collection Concealed Carry Satchel,$69.99,"13.5"" X 5"" X 8.5"" (Drop 11"")",SKU:MW1098G-8085CF
MW1098-9110 Montana West Concho Collection Backpack,$72.99,"13.25"" X 5"" X 12.75"" (Drop 3.5"")",SKU:MW1098-9110GY
MW1098G-8113 Montana West Concho Collection Concealed Carry Tote,$69.99,"15"" X 5"" X 11.25"" (Drop 11"")",SKU:MW1098G-8113BR
TR143G-8317 Trinity Ranch Leather Fringe Collection Concealed Carry Tote,$86.99,"16"" x 5"" x 11""(Drop 10.25"")",SKU:TR143G-8317KH
MW1099G-8085 Montana West Floral Embroidered Collections Concealed Carry Satchel,$69.99,"13"" x 4.2"" x 8.5""(Drop 10.5‘’）",SKU:MW1099G-8085CF
TR143G-9360 Trinity Ranch Leather Fringe Collection Concealed Carry Crossbody,$76.99,"9.75"" x 2.75"" x 9.5""(Drop 24"")",SKU:TR143G-9360BR
TR143-181 Trinity Ranch Leather Fringe Collection Wristlet/Crossbody,$42.99, ,SKU:TR143-181CF
MW1099G-8317 Montana West Floral Embroidered Collections Concealed Carry Tote,$69.99,"16"" x 5"" x 9.3""（Drop 10.5‘’）",SKU:MW1099G-8317BK
MW1099-181 Montana West Floral Embroidered Collections Clutch/Crossbody,$34.99, ,SKU:MW1099-181BK
MW1106G-8317 Montana West Aztec Tapestry Concealed Carry Tote,$64.99, ,SKU:MW1106G-8317BK
MW1099-S9110 Montana West Floral Embroidered Collections Convertible Sling Backpack,$49.99,"7.5"" x 3"" x 13"" ",SKU:MW1099-S9110GY
MW1099-190 Montana West Floral Embroidered Collections Multi Purpose/Travel Pouch,$39.99,"9.2"" x 3.5"" x 5.2""",SKU:MW1099-190CF
MW1099-W010 Montana West Floral Embroidered Collections Wallet,$30.99,"7.75"" x 1.25"" x 4.75""",SKU:MW1099-W010BK
MW1114-8360 Montana West Aztec Tapestry Collection Crossbody,$52.99, ,SKU:MW1114-8360GN
MW1114-5110 Montana West Aztec Tapestry Collection Weekender Bag,$72.99, ,SKU:MW1114-5110BK
MW1107G-8317 Montana West Concho Collection Concealed Carry Tote,$69.99, ,SKU:MW1107G-8317BR
MW1107G-8085 Montana West Concho Collection Concealed Carry Satchel,$69.99, ,SKU:MW1107G-8085GN
MW1107G-9360 Montana West Concho Collection Concealed Carry Crossbody,$54.99, ,SKU:MW1107G-9360CF
MW1107-181 Montana West Concho Collection Clutch/Crossbody,$32.99, ,SKU:MW1107-181BK
MW1112-5110 Montana West Concho Collection Weekender Bag,$74.99,"19"" x 6.75"" x 11.5‘’（Drop 8.5""）",SKU:MW1112-5110BK
MW1063G-8317 Montana West Whipstitch Collection Concealed Carry Tote,$69.99,"15.75"" x 5.5"" x 10""  (Drop 11.5"")",SKU:MW1063G-8317BK
MW1063G-8085 Montana West Whipstitch Collection Concealed Carry Satchel,$66.99,"13"" x 4.5"" x 8.5""  (Drop 10.5"")",SKU:MW1063G-8085BK
MWT121-G8317W Trinity Ranch Hair-On Cowhide Concealed Carry Tote with Wallet Set,$89.99,"Number 1,3867998. Title of Invention: Concealed handgun holster 35 U.S.C & 292",SKU:MWT121-G8317WCF
MWT121-G918W Trinity Ranch Hair-On Cowhide Concealed Carry Hobo with Wallet Set,$82.99,"Number 1,3867998. Title of Invention: Concealed handgun holster 35 U.S.C & 292",SKU:MWT121-G918WCF
MWT121-H918 Trinity Ranch Hair-On Cowhide Collection Concealed Carry Hobo,$74.99,"Patent Protected! US Patent Pending-Patent 1,558,2043 Application",SKU:MWT121-H918CF
MWC3-G056 Montana West 3PCs Set Tote/Crossbody/Wallet,$79.99,"16.25"" x 5.5 ""x 11"" (Drop 10"")",SKU:MWC3-G056MYL
MW1118-5110 Montana West American Pride Collection Canvas Weekender Bag,$39.99, ,SKU:MW1118-5110RD
MW1087G-8113 Montana West Aztec Concealed Carry Tote,$39.99, ,SKU:MW1087G-8113BK
MW933-921 Montana West American Pride CanvasTravel Organizer Case (Multi-Purpose Storage) With Hanging Hook,$29.99, ,SKU:MW933-921RD
MW1088G-8085 Montana West Buckle Collection Concealed Carry Satchel,$62.99,"Patent Protected! US Patent Pending-Patent 1,558,2043 Application",SKU:MW1088G-8085PK
MW934-921 Montana West Texas FlagTravel Organizer Case (Multi-Purpose Storage) With Hanging Hook,$29.99, ,SKU:MW934-921NY
MWT121-H8317  Trinity Ranch Hair-On Cowhide Collection Concealed Carry Tote,$79.99,"Number 1,3867998. Title of Invention: Concealed handgun holster 35 U.S.C & 292",SKU:MWT121-H8317CF
PHD-126 American Bling Embroidered Collection Phone Wallet/Crossbody - Hot Pink,$32.99,"Made of PU leather, this western Phone wallet/crossbody has:",SKU:PHD-126HPK
MW1024-921 Montana West Horse Print Travel Organizer Case (Multi-Purpose Storage) With Hanging Hook,$29.99, ,SKU:MW1024-921KH
MW1084-921 Montana West American Pride  Travel Organizer Case (Multi-Purpose Storage) With Hanging Hook,$29.99, ,SKU:MW1084-921BK
MW1023-921 Montana West Horse Print Travel Organizer Case (Multi-Purpose Storage) With Hanging Hook,$29.99, ,SKU:MW1023-921KH
PHD-126 American Bling Embroidered Collection Phone Wallet/Crossbody - Turquoise,$32.99,"Made of PU leather, this western Phone wallet/crossbody has:",SKU:PHD-126TQ
PHD-126 American Bling Embroidered Collection Phone Wallet/Crossbody - Purple,$32.99,"Made of PU leather, this western Phone wallet/crossbody has:",SKU:PHD-126PP
MW1081G-9360 Montana West Fringe American Flag Crossbody Bag,$52.99, ,SKU:MW1081G-9360RD
MW1062G-918 Montana West Cut-Out Collection Concealed Carry Hobo,$66.99, ,SKU:MW1062G-918BK
MW1081G-8317 Montana West Fringe American Flag Canvas Tote Bag,$69.99, ,SKU:MW1081G-8317BK
MW1062G-8317 Montana West Cut-Out Collection Concealed Carry Tote,$69.99, ,SKU:MW1062G-8317CF
MW1062G-9360 Montana West Cut-Out Collection Concealed Carry Crossbody,$54.99,"10"" x 3"" x 9.5"" (Drop 24"")",SKU:MW1062G-9360BK
MW1062G-8085 Montana West Cut-Out Collection Concealed Carry Carry Satchel,$66.99, ,SKU:MW1062G-8085BR
MW1057-8360 Montana West Fringe Collection Crossbody,$54.99," 10"" X 2.75"" X 8.5"" (Drop 24"")",SKU:MW1057-8360CF
MWC2-G048 Montana West 2Pcs Set Tote (Concealed Carry Aztec Tote & Small Basic Tote),$59.99,"16.2"" x 5"" x 11""  (Drop 10"")",SKU:MWC2-G048CF
MW1095G-8113 Montana West Aztec Tapestry Concealed Carry Tote,$62.99, ,SKU:MW1095G-8113BK
MW1095G-9360 Montana West Aztec Tapestry Concealed Carry Crossbody,$49.99, ,SKU:MW1095G-9360BK
MW1095G-8317 Montana West Aztec Tapestry Concealed Carry Tote,$62.99, ,SKU:MW1095G-8317BR
MWL-G020  Montana West Real Leather Fringe Collection Concealed Carry Shoulder Bag - Brown1,$94.99,"Patent Protected! US Patent Pending-Patent 1,558,2043 Application",SKU:MWL-G020BR1
MWL-010 Montana West 100% Genuine Leather Clutch/Crossbody -Navy,$35.99,"8"" (L) X 2""(W) X 5.5""(H)  (Drop 23"")",SKU:MWL-010NY
MWL-010 Montana West 100% Genuine Leather Clutch/Crossbody Coffee,$35.99,"8"" (L) X 2""(W) X 5.5""(H)  (Drop 23"")",SKU:MWL-010CF
MWL-010 Montana West 100% Genuine Leather Clutch/Crossbody - Pink,$35.99,"8"" (L) X 2""(W) X 5.5""(H)  (Drop 23"")",SKU:MWL-010PK
MWL-010 Montana West 100% Genuine Leather Clutch/Crossbody - Red,$35.99,"8"" (L) X 2""(W) X 5.5""(H)  (Drop 23"")",SKU:MWL-010RD
MWL-010 Montana West 100% Genuine Leather Clutch/Crossbody - Tan,$35.99,"8"" (L) X 2""(W) X 5.5""(H)  (Drop 23"")",SKU:MWL-010TN
MWL-010 Montana West 100% Genuine Leather Clutch/Crossbody - Brown,$35.99," Montana West, 100% Genuine Leather Clutch/Crossbody",SKU:MWL-010BR
MWR-032  Montana West Fringe Genuine Leather Fringe Tote,$86.99, ,SKU:MWR-032BK1
MWR-033  Montana West  Genuine Leather Fringe Crossbody Bag,$79.99, ,SKU:MWR-033BK
MW494-183  Montana West Sugar Skull Collection Phone Wallet/Crossbody,$39.99,"Made of PU leather, this western Phone wallet/crossbody has:",SKU:MW494-183BK
TR133G-8317 Trinity Ranch Hair-On Cowhide Collection Concealed Carry Tote,$89.99, ,SKU:TR133G-8317CF
MW494-190  Montana West Sugar Skull Multi Purpose/Travel Pouch,$36.99, ,SKU:MW494-190BK
WG34-196 Wrangler Hair-on Collection Crossbody/Organizer (Wrangler by Montana West),$59.99,"8.5"" x 0.5"" x 6""  (Drop 24"")",SKU:WG34-196CF
MW855G-918W  Montana West Embroidered Collection Concealed Carry Hobo Wallet Set,$56.99,"Patent Protected! US Patent Pending-Patent 1,558,2043 Application",SKU:MW855G-918WBK
MW1049G-8317  Montana West Concealed Carry Tote,$69.99,"15"" x 4.5"" x 10.5""  (Drop 11"")",SKU:MW1049G-8317BR
MWRG-036 Montana West Real Leather Studs Collection Concealed Carry Tote Hot Pink,$82.99,"Number 1,3867998. Title of Invention: Concealed handgun holster 35 U.S.C & 292",SKU:MWRG-036HPK
WG34-118 Wrangler Hair-on Collection Circle Wristlet /Crossbody Bag (Wrangler by Montana West),$69.99, ,SKU:WG34-118CF
WG34-190 Wrangler Hair-on Collection Multi Purpose/Travel Pouch(Wrangler by Montana West),$48.99,"11.5"" x 3.5"" x 5.5""  ",SKU:WG34-190CF
WG34-W039 Wrangler Hair-on Cowhide Collection Wallet (Wrangler by Montana West),$40.99, ,SKU:WG34-W039BR
MW1021-8112  Montana West Horse Canvas Tote Bag,$29.99, ,SKU:MW1021-8112CF
WG21-181 Wrangler Genuine Hair-on Cowhide Crossbody Bag Black,$59.99," Made of genuine leather , this crossbody has:-",SKU:WG21-181BK
WG21-181 Wrangler Genuine Hair-on Cowhide Crossbody Bag Coffee-Turquoise,$59.99," Made of genuine leather , this crossbody has:-",SKU:WG21-181CF-TQ
WG35-G9360 Wrangler Hair-on Collection Concealed Carry Hobo/Crossbody(Wrangler by Montana West),$82.99,"10"" x 3.5"" x 10""  (Drop 10"")  (Crossbody strap 44"")",SKU:WG35-G9360CF
WG35-G8250 Wrangler Hair-on Collection Concealed Carry Tote/Crossbody (Wrangler by Montana West),$84.99,"11.5"" x 5.25"" x 10""  (Handle Drop 4"") (Crossbody strap 44"")",SKU:WG35-G8250BR
MW1044G-8086 Montana West Aztec Collection Concealed Carry Satchel,$66.99,"Made of PU leather , this western purse satchel has:",SKU:MW1044G-8086CF
MW1044G-8317 Montana West Embossed Collection Concealed Carry Tote,$69.99,"Made of PU leather , this western purse tote has:",SKU:MW1044G-8317BK
WG26-8275 Wrangler Croc Embossed Drawstring Hobo Bag (Wrangler by Montana West) - Red,$29.99,"14.5"" x 4.5"" x 10.5"" (Drop 10"")",SKU:WG26-8275RD
WG26-8275 Wrangler Zebra Print Drawstring Hobo (Wrangler by Montana West) - Zebra,$29.99, ,SKU:WG26-8275ZR
MWRG-036 Montana West Real Leather Studs Collection Concealed Carry Tote Yellow,$82.99,"Number 1,3867998. Title of Invention: Concealed handgun holster 35 U.S.C & 292",SKU:MWRG-036YEL
MWC-043 Montana West Stone Wash Backpack,$49.99,"15.8"" x 1.9"" x 17.7""",SKU:MWC-043BR
WG20-918 Wrangler Carry Hobo (Wrangler by Montana West),$39.99,"Made of PU leather, this hobo has:",SKU:WG20-918BK
MW1028G-8317 Montana West Whipstitch Collection Concealed Carry Tote,$59.99,"Number 1,3867998. Title of Invention: Concealed handgun holster 35 U.S.C & 292",SKU:MW1028G-8317BR
ABZ-G042W American Bling Buckle Collections Concealed Carry Tote with Zippered-Around Long Wallet,$69.99,"Made of PU Leather, this Tote Bag has:",SKU:ABZ-G042WOR
ABZ-G041W American Bling Embroidered Collections Concealed Carry Tote with Zippered-Around Long Wallet,$69.99,"15.8"" x 3.0"" x 11.2""",SKU:ABZ-G041WTQ
RLC-L155 Montana West Real Leather Fringe Crossbody Bag,$72.99,"9"" x 3.4"" x 7.5""",SKU:RLC-L155TQ
WG14-8113 Wrangler Large Tote with Detachable Zipper Pouch(Wrangler by Montana West),$39.99,"Made of PU leather, this large tote (shopping tote)  has:",SKU:WG14-8113BR
RLC-L154 Montana West Real Leather Studs Collection Mini Barrel Bag,$69.99, ,SKU:RLC-L154BR
TR117-181 Trinity Ranch Hair-On Leather Collection Small Crossbody,$42.99,"10"" x 0.25"" x 4""  (Drop 24"")",SKU:TR117-181BR
TR117G-8317 Trinity Ranch Hair-On Leather Collection Concealed Carry Wide Tote,$82.99, ,SKU:TR117G-8317CF
TR117G-9360 Trinity Ranch Hair-On Leather Collection Concealed Carry Crossbody,$72.99,"9"" x 2.75"" x 9.5""  (Drop 23"")",SKU:TR117G-9360CF
MW1050-181 Montana West Laser Cut Collection Clutch/Crossbody,$32.99, ,SKU:MW1050-181BK
MW1050G-8317 Montana West Laser Cut Collection Concealed Carry Tote,$69.99,"15"" x 4.5"" x 10.5""  (Drop 11"")",SKU:MW1050G-8317CF
MW1028G-918 Montana West Whipstitch Collection Concealed Carry Hobo,$56.99,"Patent Protected! US Patent Pending-Patent 1,558,2043 Application",SKU:MW1028G-918RD
ABZ-G017 American Bling Floral Embossed Tote and Wallet Set-Brown,$79.99, ,SKU:ABZ-G017WBR
TR117G-8113 Trinity Ranch Hair-On Leather Collection Concealed Carry Tote,$82.99, ,SKU:TR117G-8113BR
MWT121-G8317 Trinity Ranch Hair-On Cowhide Collection Concealed Carry Tote,$72.99,"Number 1,3867998. Title of Invention: Concealed handgun holster 35 U.S.C & 292",SKU:MWT121-G8317CF
TR132G-8317 Trinity Ranch Hair-On Leather Studs Collection Concealed Handgun Tote,$69.99,"Number 1,3867998. Title of Invention: Concealed handgun holster 35 U.S.C & 29 ",SKU:TR132G-8317BK
ABZ-G017 American Bling Floral Embossed Tote and Wallet Set-Black,$79.99, ,SKU:ABZ-G017WBK
WGB04-001 Wrangler Genuine Leather Fringe Crossbody Bag (Wrangler By Montana West) - Brown,$64.99, ,SKU:WGB04-001BR
RLH-026 Montana West Hair-On Cowhide Leather Fringe Clutch/Crossbody,$46.99,Made of PU leather and genuine hair-on cowhide this clutch/crossbody has:,SKU:RLH-026TQ
TR128-8360 Trinity Ranch Hair-On Collection Crossbody Bag,$74.99,"9"" x 3"" x 8"" (24"" drop)                                                                                        ",SKU:TR128-8360BR
TR128G-918 Trinity Ranch Hair-On Leather Collection Concealed Handgun Hobo,$79.99,"Patent Protected! US Patent Pending-Patent 1,558,2043 Application",SKU:TR128G-918CF
TR128G-8317 Trinity Ranch Hair-On Leather Collection Concealed Handgun Tote,$89.99,"Patent Protected! US Patent Pending-Patent 1,558,2043 Application",SKU:TR128G-8317TN
WGB04-001 Wrangler Genuine Leather Fringe Crossbody Bag (Wrangler By Montana West) - Red,$64.99, ,SKU:WGB04-001RD
WGB04-001 Wrangler Genuine Leather Fringe Crossbody Bag (Wrangler By Montana West) - Turquoise,$64.99, ,SKU:WGB04-001TQ
RLH-002 Montana West Hair-On Cowhide Leather Clutch/Crossbody,$44.99,Made of PU leather and genuine hair-on cowhide this clutch/crossbody has:,SKU:RLH-002CF
MWL-025 Montana West 100% Genuine Leather Calf Hair Clutch/Crossbody,$46.99,"Montana West, 100% Genuine Leather Clutch/Crossbody",SKU:MWL-025CF
TR119G-9360 Trinity Ranch Hair-On Leather Collection Concealed Carry Crossbody Bag,$59.99,"Patent Protected! US Patent Pending-Patent 1,558,2043 Application",SKU:TR119G-9360CF
MWL-024 Montana West Genuine Leather Collection Western Backpack For Men & Women,$157.99," 14"" X 5"" X 13 "" (Strap 38"")",SKU:MWL-024BK
TR119G-918 Trinity Ranch Hair-On Leather Collection Concealed Carry Hobo,$66.99,"Patent Protected! US Patent Pending-Patent 1,558,2043 Application",SKU:TR119G-918BR
MW937-8360 Montana West Aztec Canvas Crossbody,$22.99, ,SKU:MW937-8360CF
MW937-8112 Montana West Aztec Canvas Tote Bag,$29.99, ,SKU:MW937-8112CF
MWRG-918 Montana West Real Leather Hair-On Cowhide Collection Hobo,$89.99,"Patent Protected! US Patent Pending-Patent 1,558,2043 Application",SKU:MWRG-918BR
MWRG-8317  Montana West Real Leather Hair-On Cowhide Collection Tote,$92.99,"Patent Protected! US Patent Pending-Patent 1,558,2043 Application",SKU:MWRG-8317BR1
TXG-8295K Montana West Texas Pride Collection Concealed Carry Crossbody,$49.99,"Patent Protected! US Patent Pending-Patent 1,558,2043 Application",SKU:TXG-8295K-RD
TR123G-918 Trinity Ranch Hair-On Leather Collection Dual Sided Concealed Carry Hobo/Crossbody Bag,$69.99,"16"" x 5"" x 12.5"" (Shoulder Strap drop 9"" ) (Crossbody Strap Drop 23"")",SKU:TR123G-918BR
MWL-008 Montana West Genuine Leather Shoulder/Crossbody Bag-Black,$54.99,"6"" X 3.5"" X 8""  (Strap 50"")",SKU:MWL-008BK
MW994-183   Montana West Embroidered Collection Phone Wallet/Crossbody,$36.99,"Made of PU leather, this western Phone wallet/crossbody has:",SKU:MW994-183BK
RLH-008 Montana West Hair-On Cowhide Leather Clutch/Crossbody,$44.99,Made of PU leather and genuine hair-on cowhide this clutch/crossbody has:,SKU:RLH-008CF
MWL-007 Montana West Real Leather Floral Applique Cellphone Crossbody Bag- Coffee,$32.99,"Made of real leather (soft-body) , this crossbody cellphone purse has:",SKU:MWL-007CF
MWL-008 Montana West Genuine Leather Shoulder/Crossbody Bag-Navy,$54.99,"6"" X 3.5"" X 8""  (Strap 50"")",SKU:MWL-008NY
TR119G-8317 Trinity Ranch Hair-On Leather Collection Concealed Carry Tote,$72.99,"Patent Protected! US Patent Pending-Patent 1,558,2043 Application",SKU:TR119G-8317BR
MWL-007 Montana West Real Leather Floral Applique Cellphone Crossbody Bag- Pink,$32.99,"Made of real leather (soft-body) , this crossbody cellphone purse has:",SKU:MWL-007PK
MWL-008 Montana West Genuine Leather Shoulder/Crossbody Bag-Light Coffee,$54.99,"6"" X 3.5"" X 8""  (Strap 50"")",SKU:MWL-008LCF
MWL-007 Montana West Real Leather Floral Applique Cellphone Crossbody Bag- Hot Pink,$32.99,"Made of real leather (soft-body) , this crossbody cellphone purse has:",SKU:MWL-007HPK
MWL-007 Montana West Real Leather Floral Applique Cellphone Crossbody Bag- Brown,$32.99,"Made of real leather (soft-body) , this crossbody cellphone purse has:",SKU:MWL-007BR
RLH-018 Montana West Hair-On Cowhide Leather Fringe Clutch/Crossbody,$44.99,Made of PU leather and genuine hair-on cowhide this clutch/crossbody has:,SKU:RLH-018CF
RLH-019 Montana West Hair-On Cowhide Leather Fringe Clutch/Crossbody,$46.99,Made of PU leather and genuine hair-on cowhide this clutch/crossbody has:,SKU:RLH-019BK
RLH-024 Montana West Hair-On Cowhide Leather Clutch/Crossbody,$44.99,Made of PU leather and genuine hair-on cowhide this clutch/crossbody has:,SKU:RLH-024BR
MW901P-8317 Montana West Signature Monogram Fringe Collection Tote,$52.99, ,SKU:MW901P-8317BR
MW934-5110 Montana West Texas Flag Canvas Weekender Bag,$39.99, ,SKU:MW934-5110BK
MW908-186   Montana West Signature Monogram Collection Crossbody bag,$29.99,"Made of PU leather, this western crossbody has:",SKU:MW908-186CF
MW934-8360 Montana West Texas Flag Canvas Crossbody,$22.99, ,SKU:MW934-8360BK
MW934-8112 Montana West Texas Flag Canvas Tote Bag,$29.99, ,SKU:MW934-8112BK
MW927-8112 Montana West Horse Collection Canvas Tote Bag,$29.99, ,SKU:MW927-8112CF
MW933-8112 Montana West American Flag Canvas Tote Bag,$29.99, ,SKU:MW933-8112BK
MW935-8112 Montana West Aztec Collection Canvas Tote Bag,$29.99, ,SKU:MW935-8112BK
MW938-8112 Montana West Aztec Canvas Tote Bag,$29.99, ,SKU:MW938-8112CF
MW906-9110 Montana West Western Clear Backpack,$39.99, ,SKU:MW906-9110PK
MW494G-9110 Montana West Sugar Skull Collection Backpack,$72.99,"Number 1,3867998. Title of Invention: Concealed handgun holster 35 U.S.C & 292",SKU:MW494G-9110BK-MUTI
RLC-L138 Montana West Real Leather Shoulder/Crossbody Bag,$58.99, ,SKU:RLC-L138BR
RLC-L136 Montana West Real Leather Shoulder/Crossbody Bag,$58.99, ,SKU:RLC-L136BR
RLC-L057 Montana West 100% Real Leather Rodeo Collection Clutch,$14.99,Made of 100% genuine leather this clutch has:,SKU:RLC-L057TN
RLC-L140 Montana West Real Leather Shoulder/Crossbody Bag,$58.99, ,SKU:RLC-L140CF
TPP03-9321 The Trail Of Painted Ponies Collection Mini Satchel,$22.99,"Made of the PU leather, this mini satchel has:",SKU:TPP03-9321OW
RLC-L069 Montana West 100% Real Leather Rodeo Collection Crossbody,$14.99,Made of 100% genuine leather this crossbody has:,SKU:RLC-L069TN
TPP03-9113 The Trail Of Painted Ponies Collection Satchel Style Backpack,$25.99,"Made of the PU leather, this mini flap front turn-lock flap satchel backpack has:",SKU:TPP03-9113OW
TPP03-9319 The Trail of Painted Ponies Collection Satchel,$22.99,"Made of the PU leather, this mini flap front turn-lock flap satchel bag has:",SKU:TPP03-9319TQ
TPP03-9322 The Trail Of Painted Ponies Collection Satchel/Shoulder Bag,$22.99,YOU SAVE ALMOST 70% FROM THE ORIGINAL PRICE,SKU:TPP03-9322 OW
TPP03-9325 The Trail of Painted Ponies Collection Satchel,$22.99, ,SKU:TPP03-9325TQ
RLC-L137 Montana West Real Leather Shoulder/Crossbody Bag,$58.99, ,SKU:RLC-L137CF
LEA-6033 Delila 100% Genuine Leather Hair-On Hide Collection Tote,$96.99, ,SKU:LEA-6033BK
LEA-6034 Delila 100% Genuine Leather Hair-On Hide Collection Wide Tote,$149.99, ,SKU:LEA-6034CF
RLC-L089 Montana West Real Leather Collection Crossbody,$42.99, ,SKU:RLC-L089LB
LEA-6039 Delila 100% Genuine Leather Hair-On Hide Collection Crossbody,$109.99, ,SKU:LEA-6039BR
LEA-6030 Delila 100% Genuine Leather Hair-On Hide Collection Tote/Crossbody,$159.99,"Delila by Montana West, 100% Genuine Leather Hair-On Tote ",SKU:LEA-6030BK
LEA-6045 Delila 100% Genuine Leather Collection Messenger Bag,$92.99,"Delila by Montana West, 100% Genuine Leather Messenger Bag",SKU:LEA-6045BR
LEA-6038 Delila 100% Genuine Leather Hair-On Hide Collection Hobo,$139.99, ,SKU:LEA-6038CF
LEA-6043 Delila 100% Genuine Leather Collection Hobo,$109.99, ,SKU:LEA-6043BK
LAT-630C Delila 100% Genuine Leather Hand Embroidered Collection Tote Bag,$79.99, ,SKU:LAT-630CTQ
CLT-631L Delila 100% Genuine Leather Hand Embroidered Collection Mini Tote,$56.99, ,SKU:CLT-631LHPK
LAT-630L Delila 100% Genuine Leather Hand Embroidered Collection Tote Bag,$79.99, ,SKU:LAT-630LHPK
MW743-9110 Montana West Embroidered Collection Backpack,$42.99, ,SKU:MW743-9110BR
MW812G-918 Montana West Aztec Collection Concealed Carry Hobo,$25.99,"Patent Protected! US Patent Pending-Patent 1,558,2043 Application",SKU:MW812G-918BR
MW812G-8317 Montana West Aztec Collection Concealed Carry Tote,$25.99,"Patent Protected! US Patent Pending-Patent 1,558,2043 Application",SKU:MW812G-8317BK
MW815-8188 Montana West Embossed Collection Shoulder Bag/Crossbody,$25.99," Made of PU leather (distressed color), this shoulder bag has:",SKU:MW815-8188HPK
MW494G-8287 Montana West Sugar Skull Collection Concealed Handgun Crossbody,$52.99,"Patent Protected! US Patent Pending-Patent 1,558,2043 Application",SKU:MW494G-8287BK-MUTI
MW494-W002 Montana West Sugar Skull Collection Wallet,$39.99, ,SKU:MW494-W002BK-MUTI
MW494G-8113 Montana West Sugar Skull Collection Concealed Handgun Tote,$69.99,"Patent Protected! US Patent Pending-Patent 1,558,2043 Application",SKU:MW494G-8113BK-MUTI
US04G-8113 Montana West American Pride Concealed Handgun Collection Tote,$62.99,"Patent Protected! US Patent Pending-Patent 1,558,2043 Application",SKU:US04G-8113RD
RLC-L081 Montana West 100% Real Leather Hair-On Crossbody,$62.99,Made of 100% genuine leather this crossbody has:,SKU:RLC-L081CF
MW853-9110 Montana West Bling Bling Collection Backpack,$49.99, ,SKU:MW853-9110BR
MW880G-9360  Montana West Concho Collection Concealed Carry Crossbody Bag,$54.99,"Patent Protected! US Patent Pending-Patent 1,558,2043 Application",SKU:MW880G-9360BR
MW779-918  Montana West Aztec Collection Hobo,$33.99,"Made of canvas and PU leather , this western hobo bag has:",SKU:MW779-918PK
MW779-8281 Montana West Aztec Collection Tote,$34.99,"Made of canvas and PU leather, this tote has:",SKU:MW779-8281PK
MW494G-8085 Montana West Sugar Skull Collection Concealed Handgun Satchel,$66.99,"Patent Protected! US Patent Pending-Patent 1,558,2043 Application",SKU:MW494G-8085BK-MUTI
MW902-121 Montana West Signature Monogram Collection Hobo,$49.99,"Made of the PU leather , this western hobo bag has:",SKU:MW902-121CF
MW831-8113 Montana West Aztec Collection Tote,$49.99,"Made of the PU leather , this  tote bag has:",SKU:MW831-8113TQ
RLH-009 Montana West Hair-On Cowhide Leather Clutch/Crossbody,$41.99,Made of PU leather and genuine hair-on cowhide this clutch/crossbody has:,SKU:RLH-009CF
RLH-017 Montana West Hair-On Cowhide Leather Clutch/Crossbody,$46.99,Made of PU leather and genuine hair-on cowhide this clutch/crossbody has:,SKU:RLH-017BK
RLH-004 Montana West Hair-On Cowhide Leather Clutch/Crossbody,$41.99,Made of PU leather and genuine hair-on cowhide this clutch/crossbody has:,SKU:RLH-004BK
MW897-5110 Montana West Aztec Collection Weekender Bag,$49.99, ,SKU:MW897-5110CF
RLH-008 Montana West Hair-On Cowhide Leather Clutch/Crossbody,$44.99,Made of PU leather and genuine hair-on cowhide this clutch/crossbody has:,SKU:RLH-008TQ
RLH-012 Montana West Hair-On Cowhide Leather Clutch/Crossbody,$44.99,Made of PU leather and genuine hair-on cowhide this clutch/crossbody has:,SKU:RLH-012CF
MW906-8317 Montana West Western Clear Tote,$39.99, ,SKU:MW906-8317LP
MW895P-918 Montana West Signature Monogram Collection,$59.99,"Made of the PU leather , this western hobo bag has:",SKU:MW895P-918CF
MW896-101 Montana West Signature Monogram Hair Calf Collection Circle Bag/ Crossbody,$29.99, ,SKU:MW896-101CF-BR
RLH-013 Montana West Hair-On Cowhide Leather Fringe Clutch/Crossbody,$46.99,Made of PU leather and genuine hair-on cowhide this clutch/crossbody has:,SKU:RLH-013CF
MW629BK Montana West Western Tooled Phone Case Crossbody Wallet Black,$35.99,"Made of PU leather, this western Phone case crossbody wallet has:",SKU:MW629BK
MW896-8461 Montana West Signature Monogram Hair Calf Collection Hobo/Crossbody,$39.99, ,SKU:MW896-8461CF-CF
MW906-8288 Montana West Western Clear Satchel/Crossbody Bag With Small Pouch,$44.99, ,SKU:MW906-8288LP
RLH-014 Montana West Hair-On Cowhide Leather Fringe Clutch/Crossbody,$46.99,Made of PU leather and genuine hair-on cowhide this clutch/crossbody has:,SKU:RLH-014CF
RLC-L127 Montana West Real Leather Fringe Shoulder/Crossbody Bag,$62.99, ,SKU:RLC-L127BR
MW947-5110 Montana West Buckle Collection Duffle Bag,$56.99,"Made of PU leather , this duffle bag has:",SKU:MW947-5110TN
RLH-015 Montana West Hair-On Cowhide Leather Fringe Clutch/Crossbody,$46.99, ,SKU:RLH-015LP
RLL-002 Montana West 100% Genuine Leather Hair-On Hide Collection Clutch/Crossbody,$39.99," Montana West, 100% Genuine Leather Hair-On Clutch/Crossbody",SKU:RLL-002BK
RLH-032 Montana West L-Zip Lanyard Pouch,$8.99, ,SKU:RLH-032OR
MW950-183 Montana West Genuine Leather Clutch/Crossbody,$21.99,Made of genuine leather  this clutch/crossbody has:,SKU:MW950-183OR
RLL-005 Montana West 100% Genuine Leather Tooled Collection Crossbody,$46.99,"Montana West, 100% Genuine Leather Crossbody",SKU:RLL-005TN
RLL-001 Montana West 100% Genuine Leather Tooled Collection Clutch/Crossbody,$42.99," Montana West, 100% Genuine Leather Clutch/Crossbody",SKU:RLL-001NY
RLL-004 Montana West 100% Genuine Leather Tooled Collection Clutch/Crossbody,$42.99," Montana West, 100% Genuine Leather Clutch/Crossbody",SKU:RLL-004TN
RLL-007 Montana West 100% Genuine Leather Tooled Collection Crossbody,$46.99, ,SKU:RLL-007CF
RLL-008 Montana West 100% Genuine Leather Tooled Collection Crossbody,$46.99,"Montana West, 100% Genuine Leathe Crossbody",SKU:RLL-008TN
WRLG-8005 Montana West Tooling Concealed Handgun Collection Handbag,$72.99,"Made of mainly PU and partial leather, this handbag has:",SKU:WRLG-8005CF
MW977-8112 Montana West Aztec Canvas Tote Bag,$29.99, ,SKU:MW977-8112CF
MW927-5110 Montana West Horse Print Canvas Weekender Bag,$39.99, ,SKU:MW927-5110CF
MW974-8112 Montana West Aztec Canvas Tote Bag,$29.99, ,SKU:MW974-8112BK
MW976-8112 Montana West Aztec Canvas Tote Bag,$29.99, ,SKU:MW976-8112BR
MWL-G016 Montana West Real Leather Studs Collection Dual Sided Concealed Carry Tote,$82.99,"Number 1,3867998. Title of Invention: Concealed handgun holster 35 U.S.C & 292",SKU:MWL-G016BK
MWL-009 Montana West Real Leather Shoulder/Crossbody Bag - Beige,$66.99, ,SKU:MWL-009BG
MW494G-9360 Montana West Sugar Skull Collection Concealed Handgun Crossbody,$59.99,"Patent Protected! US Patent Pending-Patent 1,558,2043 Application",SKU:MW494G-9360BK-MUTI
MWL-017 Montana West Real Leather Studs Collection Hobo,$52.99, ,SKU:MWL-017BR
MW934-190  Montana West Texas Flag Print Multi Purpose/Travel Pouch,$9.99, ,SKU:MW934-190RD
MW999-190  Montana West Camo Print Multi Purpose/Travel Pouch,$11.99, ,SKU:MW999-190BK
RLC-L146 Montana West 100% Genuine Leather Calf Hair Clutch/Crossbody,$49.99,"Montana West, 100% Genuine Leather Clutch/Crossbody",SKU:RLC-L146BR
MW933-190  Montana West American Flag Print Multi Purpose/Travel Pouch,$9.99, ,SKU:MW933-190RD
MWL-007 Montana West Real Leather Floral Applique Cellphone Crossbody Bag- Turquoise,$32.99,"Made of real leather (soft-body) , this crossbody cellphone purse has:",SKU:MWL-007TQ
MWL-006 Montana West Real Leather Cellphone Crossbody Bag- Brown,$29.99,"Made of real leather (soft-body) , this crossbody cellphone purse has:",SKU:MWL-006BRN
MWL-006 Montana West Real Leather Cellphone Crossbody Bag- Coffee,$29.99,"Made of real leather (soft-body) , this crossbody cellphone purse has:",SKU:MWL-006CF
MWL-006 Montana West Real Leather Cellphone Crossbody Bag- Tan,$29.99,"Made of real leather (soft-body) , this crossbody cellphone purse has:",SKU:MWL-006TN
MWL-007 Montana West Real Leather Floral Applique Cellphone Crossbody Bag- Tan,$32.99,"Made of real leather (soft-body) , this crossbody cellphone purse has:",SKU:MWL-007TN
MWL-006 Montana West Real Leather Cellphone Crossbody Bag- Red,$29.99,"Made of real leather (soft-body) , this crossbody cellphone purse has:",SKU:MWL-006RD
MWL-006 Montana West Real Leather Cellphone Crossbody Bag- Pink,$29.99,"Made of real leather (soft-body) , this crossbody cellphone purse has:",SKU:MWL-006PK
MWL-006 Montana West Real Leather Cellphone Crossbody Bag- Turquoise,$29.99,"Made of real leather (soft-body) , this crossbody cellphone purse has:",SKU:MWL-006TQ
US04G-9110 Montana West American Pride Concealed Carry Collection Backpack,$66.99,"Number 1,3867998. Title of Invention: Concealed handgun holster 35 U.S.C & 292",SKU:US04G-9110RD
RLL-017 Montana West 100% Genuine Leather Hair-On Collection Crossbody,$46.99,"Montana West, 100% Genuine Leather Crossbody",SKU:RLL-017CF
RLL-020 Montana West 100% Genuine Leather Hair-On Cowhide Collection Crossbody,$49.99, ,SKU:RLL-020CF
RLL-021 Montana West 100% Genuine Leather Hair-On Cowhide Collection Crossbody,$49.99, ,SKU:RLL-021BR
RLL-018 Montana West 100% Genuine Leather Hair-On Collection Crossbody,$46.99,"Montana West, 100% Genuine Leather Crossbody",SKU:RLL-018BR
RLL-029  Montana West 100% Genuine Leather Collection Crossbody/Wristlet,$35.99,"Montana West, 100% Genuine Leather Crossbody",SKU:RLL-029NY
RLL-022 Montana West 100% Genuine Leather Hair-On Cowhide Collection Crossbody,$49.99, ,SKU:RLL-022TN
RLL-028  Montana West 100% Genuine Leather Collection Crossbody/Wristlet,$35.99,"Montana West, 100% Genuine Leather Crossbody",SKU:RLL-028NY
WG01-8317  Wrangler Embroidered Floral Fringe Concealed Carry Tote（Wrangler by Montana West）,$80.99," Made of PU leather (suede-feel), this tote has:-",SKU:WG01-8317CF
TR130G-918 Trinity Ranch Hair-On Leather Studs Collection Concealed Handgun Hobo,$84.99,"Patent Protected! US Patent Pending-Patent 1,558,2043 Application",SKU:TR130G-918BK
WG09-G8113 Wrangler Fringe and Studs Concealed Carry Western Tote（Wrangler by Montana West）,$79.99," Made of PU leather , this western concealed carry tote has:-",SKU:WG09-G8113CF
TR130G-8317 Trinity Ranch Hair-On Leather Studs Collection Concealed Handgun Tote,$89.99,"Number 1,3867998. Title of Invention: Concealed handgun holster 35 U.S.C & 29 ",SKU:TR130G-8317BR
MW1018-8360 Montana West Buckle Collection Crossbody,$44.99, ,SKU:MW1018-8360BR
MW1018G-8085 Montana West Buckle Collection Concealed Carry Satchel,$56.99,"Number 1,3867998. Title of Invention: Concealed handgun holster 35 U.S.C & 292",SKU:MW1018G-8085BR
RLH-001 Montana West Hair-On Cowhide Leather Clutch/Crossbody,$44.99,Made of PU leather and genuine hair-on cowhide this clutch/crossbody has:,SKU:RLH-001CF
MW1010G-8113 Montana West Embossed Collection Concealed Carry Western Tote,$56.99,"Number 1,3867998. Title of Invention: Concealed handgun holster 35 U.S.C & 292",SKU:MW1010G-8113TN
MW976-8360 Montana West Aztec Canvas Crossbody,$22.99, ,SKU:MW976-8360BR
MWL-G012 Montana West Genuine Leather Concealed Carry Tote,$109.99,Made of 100% genuine leather(distressed ) this western concealed carry tote  has:,SKU:MWL-G012BK
WG10-8360 Wrangler Hair-On Cowhide Fringe Crossbody（Wrangler by Montana West) -Turquoise,$74.99,"10.5"" X 3.5"" X 9""  (22"" drop)",SKU:WG10-8360TQ
WG10-8360 Wrangler Hair-On Cowhide Fringe Crossbody（Wrangler by Montana West）- Coffee,$74.99,"10.5"" X 3.5"" X 9""  (22"" drop)",SKU:WG10-8360CF
MW884G-8085  Montana West Spiritual Collection Concealed Carry Satchel,$54.99,"Patent Protected! US Patent Pending-Patent 1,558,2043 Application",SKU:MW884G-8085BG
MW884G-8317  Montana West Spiritual Collection Concealed Carry Tote,$56.99,"Patent Protected! US Patent Pending-Patent 1,558,2043 Application",SKU:MW884G-8317BG
MW884G-9360  Montana West Spiritual Collection Concealed Carry Crossbody Bag,$42.99,"Patent Protected! US Patent Pending-Patent 1,558,2043 Application",SKU:MW884G-9360BG
TR129G-8086 Trinity Ranch Hair-On Leather Collection Concealed Carry Satchel,$89.99,"Patent Protected! US Patent Pending-Patent 1,558,2043 Application",SKU:TR129G-8086BR
US20-813 Montana West American Pride Collection Satchel/Crossbody,$46.99, ,SKU:US20-813RD
TR129G-8317 Trinity Ranch Hair-On Leather Collection Concealed Carry Tote,$89.99,"Patent Protected! US Patent Pending-Patent 1,558,2043 Application",SKU:TR129G-8317BR
US20-811 Montana West American Pride Collection Tote/Crossbody,$52.99,"Made of PU leather, this tote/crossbody bag has:",SKU:US20-811RD
TX14-811 Montana West Texas Pride Collection Tote/Crossbody,$66.99,"Made of PU leather, this tote/crossbody bag has:",SKU:TX14-811NY
WG22-8317  Wrangler Stitich Accent Concealed Carry Tote（Wrangler by Montana West）,$74.99," Made of PU leather , this concealed carry tote has:-",SKU:WG22-8317BR
WG22-8461  Wrangler Stitch Accent Concealed Carry Tote（Wrangler by Montana West）,$74.99," Made of PU leather , this concealed carry tote has:-",SKU:WG22-8461BK
MW991G-8317 Montana West Concho Collection Concealed Carry Western Tote,$69.99,"Number 1,3867998. Title of Invention: Concealed handgun holster 35 U.S.C & 292",SKU:MW991G-8317BR
WG16-918  Wrangler Hobo Zip Expandable Shoulder/Crossbody（Wrangler by Montana West）,$46.99, ,SKU:WG16-918KH
MW1035-8113  Montana West US Flag Design Tote Bag - Black,$32.99,"Made of the PU leather , this tote bag has: ",SKU:MW1035-8113BK
MW1034G-8317 Montana West Embroidered Collection Concealed Carry Western Tote - Black,$69.99," Made of PU leather , this tote bag has:-",SKU:MW1034G-8317BK
MW1032G-8086 Montana West Aztec Collection Concealed Carry Satchel,$59.99,"Made of PU leather , this western purse tote has:",SKU:MW1032G-8086BK
MW1032G-8317 Montana West Aztec Collection Concealed Carry Tote,$62.99,"Made of PU leather , this western purse tote has:",SKU:MW1032G-8317CF
MW1031G-8085 Montana West Aztec Collection Concealed Carry Satchel,$59.99,"13.5"" x 4.5"" x 8""  (Drop 10"")",SKU:MW1031G-8085BDY
MW1021-5110 Montana West Horse Canvas Weekender Bag,$39.99, ,SKU:MW1021-5110CF
MW1020-5110 Montana West Horse Canvas Weekender Bag,$39.99, ,SKU:MW1020-5110CF
MW1022-8112 Montana West Horse Canvas Tote Bag,$29.99, ,SKU:MW1022-8112CF
MW1022-5110 Montana West Horse Canvas Weekender Bag,$39.99, ,SKU:MW1022-5110CF
MW1023-8112 Montana West Horse Canvas Tote Bag,$29.99, ,SKU:MW1023-8112CF
MW1073G-918 Montana West Aztec Collection Concealed Carry Oversized Hobo,$72.99, ,SKU:MW1073G-918CF
MW1023-5110 Montana West Horse Canvas Weekender Bag,$39.99, ,SKU:MW1023-5110CF
MW1073G-8113 Montana West Aztec Collection Concealed Carry Oversized Tote - Brown,$72.99, ,SKU:MW1073G-8113BR
MW1073G-8317 Montana West Aztec Collection Concealed Carry Wide Tote,$69.99, ,SKU:MW1073G-8317CF
RLC-L153 Montana West Real Leather Tooled Collection Crossbody/Wristlet,$64.99,"8.25"" x 0.25"" x 6.5""  (Drop 23"")",SKU:RLC-L153BR
MW1077G-8085BR Montana West Ostrich Print Collection Concealed Carry Satchel - Brown,$52.99,"Number 1,3867998. Title of Invention: Concealed handgun holster 35 U.S.C & 292",SKU:MW1077G-8085BR
RLC-L152 Montana West Real Leather Concho Collection Crossbody Bag,$72.99,"9"" x 3"" x 8""  (Drop 23"")",SKU:RLC-L152TN
MWL-026 Montana West 100% Genuine Leather Clutch/Crossbody Red,$34.99,"8.25"" (L) X 2""(W) X 5.25""(H)  (Drop 23"")",SKU:MWL-026RD
MW1077G-8317BR Montana West Ostrich Print Collection Concealed Carry Tote - Brown,$59.99,"Number 1,3867998. Title of Invention: Concealed handgun holster 35 U.S.C & 292",SKU:MW1077G-8317BR
MWL-026 Montana West 100% Genuine Leather Clutch/Crossbody Tan,$34.99,"8.25"" (L) X 2""(W) X 5.25""(H)  (Drop 23"")",SKU:MWL-026TN
MW1033G-8085 Montana West Fringe Collection Concealed Carry Satchel,$52.99,"13.5"" x 4.5"" x 8.5""  (Drop 10.5"")",SKU:MW1033G-8085RD
MW1033G-8317 Montana West Fringe Collection Concealed Carry Tote,$56.99,"13.5' x 4.5' x 12.5""  (Drop 11"")",SKU:MW1033G-8317NY
TR134G-918 Trinity Ranch Embossed Collection Concealed Carry Hobo,$64.99,"12.5"" x 4"" x 10.5""  (Drop 10.5"")",SKU:TR134G-918BK
MWRG-036 Montana West Real Leather Studs Collection Concealed Carry Tote Red,$82.99,"Number 1,3867998. Title of Invention: Concealed handgun holster 35 U.S.C & 292",SKU:MWRG-036RD
TR134G-9360 Trinity Ranch Hair On Cowhide Buckle Collection Concealed Carry Crossbody,$56.99,"9"" x 2.75"" x 9""  (Drop 23"")",SKU:TR134G-9360CF
WG26-8275 Wrangler Croc Embossed Drawstring Hobo Bag (Wrangler by Montana West) - Black,$29.99,"14.5"" x 4.5"" x 10.5"" (Drop 10"")",SKU:WG26-8275BK
WG26-8275 Wrangler Snake print Hobo (Wrangler by Montana West) - Turquoise,$29.99, ,SKU:WG26-8275TQ
MW1054-W010 Montana West Whipstitch Collection Wallet,$30.99,"7.5"" x 1.6"" x 5.7""",SKU:MW1054-W010TQ
MW1045G-8317 Montana West Whipstitch Collection Concealed Carry Tote,$62.99,"15"" x 4.5"" x 10.5""  (Drop 11"")",SKU:MW1045G-8317CF
MW1045-181 Montana West Whipstitch Collection Clutch/Crossbody,$29.99, ,SKU:MW1045-181CF
TR134G-8317 Trinity Ranch Hair-On Cowhide Buckle Collection Concealed Carry Tote,$69.99, ,SKU:TR134G-8317BR
MW1054G-918 Montana West Fringe Collection Concealed Carry Hobo,$66.99,"Made of PU leather (distressed color) , this western concealed carry hobo has:",SKU:MW1054G-918BR
MW1054G-8317 Montana West Fringe Collection Concealed Carry Tote,$69.99,"Made of PU leather (distressed color) , this western concealed carry tote has:",SKU:MW1054G-8317TQ
MW1012G-8317 Montana West Aztec Collection Concealed Carry Tote,$56.99,"Number 1,3867998. Title of Invention: Concealed handgun holster 35 U.S.C & 292",SKU:MW1012G-8317BR
MW1012G-8085 Montana West Aztec Collection Concealed Carry Satchel,$54.99,"Number 1,3867998. Title of Invention: Concealed handgun holster 35 U.S.C & 292",SKU:MW1012G-8085CF
RLL-023 Montana West Genuine Leather Clutch/Crossbody - Black,$79.99, ,SKU:RLL-023BK
RLL-023 Montana West Genuine Leather Clutch/Crossbody - Brown,$79.99, ,SKU:RLL-023BR
MWRG-031 Montana West Genuine Leather Concealed Carry Crossbody,$76.99,"Number 1,3867998. Title of Invention: Concealed handgun holster 35 U.S.C & 292",SKU:MWRG-031BR
MWL-G020 Montana West Real Leather Bohemian Fringe Collection Concealed Carry Shoulder Bag - Black,$94.99,"Patent Protected! US Patent Pending-Patent 1,558,2043 Application",SKU:MWL-G020BK
TR133-196 Trinity Ranch Hair On Cowhide Collection Crossbody/Wristlet,$59.99, ,SKU:TR133-196BR
TR133-194 Trinity Ranch Hair On Cowhide  Collection Belt Bag,$62.99,"12"" x 2.625"" x 6.758""  (Drop 15"")",SKU:TR133-194CF
MWL-G020 Montana West Real Leather Fringe Collection Concealed Carry Shoulder Bag - Grey,$94.99,"Patent Protected! US Patent Pending-Patent 1,558,2043 Application",SKU:MWL-G020GY
TR133-118 Trinity Ranch Hair On Cowhide Collection Circle Bag Crossbody/Clutch,$69.99,"8"" x 2.25"" x 8""  (Drop 24"")",SKU:TR133-118CF
WG28-G9360 Wrangler Fringe and Studs Concealed Carry Western Tote（Wrangler by Montana West）,$64.99,"Made of PU leather , this western concealed carry tote has:-",SKU:WG28-G9360TN
WG28-190 Wrangler Whipstitch and Studs Carry Western Handbag（Wrangler by Montana West）,$42.99,"9.25"" X 4"" X 5.25""  ",SKU:WG28-190BR
WG28-G918 Wrangler Fringe and Studs Concealed Carry Western Tote（Wrangler by Montana West）,$74.99,"Made of PU leather , this western concealed carry tote has:-",SKU:WG28-G918TN
WG28-G8317 Wrangler Fringe and Studs Concealed Carry Western Tote（Wrangler by Montana West）,$74.99,"Made of PU leather , this western concealed carry tote has:-",SKU:WG28-G8317TN
TR135G-918 Trinity Ranch Hair-On Cowhide Collection Concealed Carry Hobo,$86.99, ,SKU:TR135G-918CF
TR135G-9360 Trinity Ranch Hair-On Cowhide Collection Concealed Carry Crossbody Bag,$74.99,"10.125"" x 1.25"" x 9.25""   (Drop 24"")",SKU:TR135G-9360CF
TR135G-8260 Trinity Ranch Hair-On Cowhide Collection Concealed Carry Tote,$89.99,"15"" x 4.75"" x 10""   (Drop 10.75"")",SKU:TR135G-8260BR
TR133-9110 Trinity Ranch Hair On Cowhide Collection Concealed Carry Backpack,$89.99, ,SKU:TR133-9110CF
RLC-L157 Montana West Real Leather Tooled Collection Crossbody/Wristlet,$66.99,"8.62"" x 1"" x 6""  (Drop 24"")",SKU:RLC-L157BR
MW1069G-918 Montana West Aztec Tapestry Bohemian Shoulder Concealed Carry Bag,$69.99, ,SKU:MW1069G-918PK
RLC-L158 Montana West 100% Real Leather Hair-On Crossbody,$62.99,Made of 100% genuine leather this crossbody has:,SKU:RLC-L158BR1
MW1069G-920 Montana West Aztec Tapestry Bohemian Hobo Concealed Carry Bag,$64.99,"17"" x 0.5"" x 13.5"" (14"")",SKU:MW1069G-920PK
MWR-048 Montana West Genuine Leather Collection Demi Lune Wallet/Wristlet,$59.99, ,SKU:MWR-048BR
MWR-047 Montana West Genuine Leather Shoulder/Crossbody Bag,$86.99, ,SKU:MWR-047BR
WG36-G8005 Wrangler Embroidered Fringe Collection Concealed Carry Tote,$84.99, ,SKU:WG36-G8005BR
WG36-181 Wrangler Embroidered Fringe Collection Clutch/Wristlet/Crossbody,$36.99, ,SKU:WG36-181BK
WG36-190 Wrangler Embroidered Aztec Eagle Fringe Collection Handbag,$39.99,"9"" x 3.5"" x 5.75""（Drop 24”） ",SKU:WG36-190BR
WG36-8360 Wrangler Embroidered Fringe Collection Crossbody,$66.99,"8"" x 1.25"" x 9.75""   (Drop 24"")",SKU:WG36-8360TQ
MW933G-8113 Montana West American Flag Concealed Carry Tote Bag,$39.99, ,SKU:MW933G-8113RD
MW934G-8113 Montana West Texas Flag Tote Bag,$39.99, ,SKU:MW934G-8113NY
TXG-183K Montana West Western Texas Pride Phone Case Crossbody Wallet,$36.99,"Made of PU leather, this western Phone case crossbody wallet has:",SKU:TXG-183KRD
MW1020G-8113 Montana West Horse Concealed Carry Tote Bag,$39.99, ,SKU:MW1020G-8113BG
MW1023G-8113 Montana West Horse Canvas Tote Bag,$39.99, ,SKU:MW1023G-8113KH
MW1021G-8113  Montana West Horse Print Concealed Carry Tote,$39.99, ,SKU:MW1021G-8113CF
MW1022G-8113  Montana West Horse Print Concealed Carry Tote,$39.99, ,SKU:MW1022G-8113TQ
MW1082G-8317 Montana West Aztec Tapestry Concealed Carry Tote,$59.99," 14.5"" X 4.75"" X 10.5 "" (Drop 10.5"")",SKU:MW1082G-8317RD
MWRG-038 Montana West Hand Painted Real Leather Collection Concealed Carry Tote-Brown,$119.99,"Number 1,3867998. Title of Invention: Concealed handgun holster 35 U.S.C & 292",SKU:MWRG-038BR
MWRG-038 Montana West Hand Painted Real Leather Collection Concealed Carry Tote-Turquoise,$119.99,"Number 1,3867998. Title of Invention: Concealed handgun holster 35 U.S.C & 292",SKU:MWRG-038TQ
MWRG-038 Montana West Hand Painted Real Leather Collection Concealed Carry Tote-Light Brown,$119.99,"Number 1,3867998. Title of Invention: Concealed handgun holster 35 U.S.C & 292",SKU:MWRG-038LBR
MWRG-038 Montana West Hand Painted Real Leather Collection Concealed Carry Tote-Tan,$119.99,"Number 1,3867998. Title of Invention: Concealed handgun holster 35 U.S.C & 292",SKU:MWRG-038TN
MWRG-038 Montana West Hand Painted Real Leather Collection Concealed Carry Tote-Coffee,$119.99,"Number 1,3867998. Title of Invention: Concealed handgun holster 35 U.S.C & 292",SKU:MWRG-038CF
MW1022-8360 Montana West Horse Canvas Collection Crossbody,$22.99, ,SKU:MW1022-8360CF
TR142G-918 Trinity Ranch Hair-On Cowhide Collection Concealed Carry Hobo,$82.99, ,SKU:TR142G-918LP
TR142-8360 Trinity Ranch Hair-On Cowhide Collection Concealed Carry Crossbody Bag,$72.99,"10.5"" x 4.75"" x 8.5""   (Drop 24"")",SKU:TR142-8360BK
MW1066G-8085 Montana West Aztec Tooled Collection Concealed Carry Satchel,$66.99,"Number 1,3867998. Title of Invention: Concealed handgun holster 35 U.S.C & 292",SKU:MW1066G-8085KH
TR142G-8317 Trinity Ranch Hair-On Cowhide Collection Concealed Carry Tote,$89.99,"14.5"" x 4.75"" x 11""   (Drop 10.5"")",SKU:TR142G-8317BK
MW1066G-8317 Montana West Aztec Tooled Collection Concealed Carry Western Tote,$69.99,"Number 1,3867998. Title of Invention: Concealed handgun holster 35 U.S.C & 292",SKU:MW1066G-8317BK
MW1066-5110 Montana West Aztec Tooled Collection Weekender Bag,$76.99,"Number 1,3867998. Title of Invention: Concealed handgun holster 35 U.S.C & 292",SKU:MW1066-5110CF
MW1072G-8085 Montana West Floral Embroidered Collection Concealed Carry Satchel,$69.99, ,SKU:MW1072G-8085BR
MW1072G-9110 Montana West Floral Embroidered Collection Backpack,$72.99, ,SKU:MW1072G-9110TQ
MW1078-118 Montana West Sugar Skull Collection Crossbody Circle Bag,$49.99, ,SKU:MW1078-118PK
MW1074G-8317 Montana West Embroidered Aztec Collection Concealed Carry Tote,$69.99,"15.5"" x 5.5"" ",SKU:MW1074G-8317BR
MW1078-9110 Montana West Sugar Skull Collection Backpack,$66.99, ,SKU:MW1078G-9110BK
MW1066-190 Montana West Aztec Tooled Collection Travel Pouch,$36.99,"Made of PU leather , this western travel pouch has:",SKU:MW1066-190BR
MW1074G-918 Montana West Embroidered Aztec Collection Concealed Carry Hobo,$66.99, ,SKU:MW1074G-918BR
MW1074-9110 Montana West Embroidered Aztec Collection Backpack,$69.99,"11.625"" x 5"" ",SKU:MW1074-9110TN
MW1074-118 Montana West Embroidered Aztec Collection Crossbody Circle Bag,$49.99,"11.5"" x 5"" ",SKU:MW1074-118BK
TR137-9110 Trinity Ranch Hair On Cowhide Collection Backpack,$92.99, ,SKU:TR137-9110CF
MW1078-5110 Montana West Sugar Skull Collection Weekender Bag,$76.99, ,SKU:MW1078-5110TQ
MW1097G-9360 Montana West Aztec Tapestry Concealed Carry Crossbody Bag,$49.99, ,SKU:MW1097G-9360BR
TR137-190 Trinity Ranch Hair On Cowhide Collection Travel Pouch,$42.99, ,SKU:TR137-190BR
MW1074-W010 Montana West Embroidered Aztec Collection Wallet,$30.99,"7.75"" x 1.25"" ",SKU:MW1074-W010BR
TR137G-8260 Trinity Ranch Hair On Cowhide Collection Concealed Carry Tote,$82.99, ,SKU:TR137G-8260CF
TR137G-8317 Trinity Ranch Hair On Cowhide Collection Concealed Carry Tote,$86.99, ,SKU:TR137G-8317BR
MW1101G-9360 Montana West Tribal Whipstitch Collection Concealed Carry Crossbody,$46.99," Made of PU leather, this crossbody has:-",SKU:MW1101G-9360BR
MW1101G-8317 Montana West Tribal Whipstitch Collection Concealed Carry Tote,$62.99," Made of PU leather, this tote has:-",SKU:MW1101G-8317BK
MW1068G-8085 Montana West Studs Collection Concealed Carry Satchel,$66.99, ,SKU:MW1068G-8085BK
MW1091G-8317 Montana West Whipstitch Collection Concealed Carry Tote,$69.99,"14.5"" x 4.8"" x 10""  (Drop 10.5"")",SKU:MW1091G-8317CF
MW1068-190 Montana West Collection Multi Purpose/Travel Pouch,$36.99, ,SKU:MW1068-190CF
MW1068G-9360 Montana West Studs Collection Concealed Carry Crossbody,$54.99, ,SKU:MW1068G-9360BK
MW1065-8360 Montana West Embossed Collection Crossbody,$54.99, ,SKU:MW1065-8360BR
MW1065G-8317 Montana West Embossed Collection Concealed Carry Tote,$69.99,"Patent Protected! US Patent Pending-Patent 1,558,2043 Application",SKU:MW1065G-8317BK
MW1065G-8085 Montana West Embossed Collection Concealed Carry Satchel,$66.99,"Patent Protected! US Patent Pending-Patent 1,558,2043 Application",SKU:MW1065G-8085CF
MW1067-118 Montana West Embossed Collection Crossbody Circle Bag,$46.99, ,SKU:MW1067-118BK
MW1113-181 Montana West Concho Collection Clutch/Crossbody,$32.99,"8.25"" x 0.5"" x 5.5""(Drop 24'') ",SKU:MW1113-181BR
MW1092G-8317 Montana West Cut Out Aztec Collection Concealed Carry Tote,$69.99,"16"" x 5"" x 11""  (Drop 10.25"")",SKU:MW1092G-8317CF
MW1092G-9360 Montana West Cut Out Aztec Collection Concealed Carry Crossbody,$52.99,"9.75"" x 1.5"" x 9.5""  (Drop 24"")",SKU:MW1092G-9360BR
MW1092G-8085 Montana West Cut Out Aztec Collection Concealed Carry Satchel,$69.99,"13.5"" x 4.5"" x 8.5""  (Drop 8.06"")",SKU:MW1092G-8085BK
MW1102G-8317 Montana West Spiritual Collection Concealed Carry Tote,$69.99,"16"" x 5"" x 10.25""  (Drop 10.25"")",SKU:MW1102G-8317BR
MW1102G-8085 Montana West Spiritual Collection Concealed Carry Satchel,$66.99,"13"" x 4.5"" x 8.5""  (Drop 8.6"")",SKU:MW1102G-8085BR
MW1102G-9360 Montana West Spiritual Collection Concealed Carry Crossbody,$54.99,"9.75"" x 1.5"" x 9.5""  (Drop 24"")",SKU:MW1102G-9360BK
MW1109-183 Montana West Cut-Out Collection Phone Wallet,$36.99, ,SKU:MW1109-183BR
MW1109G-8088 Montana West Buckle Collection Concealed Carry Tote,$69.99, ,SKU:MW1109G-8088GN
MW1109G-8085 Montana West Buckle Collection Concealed Carry Satchel,$66.99, ,SKU:MW1109G-8085BR
MW1117-181 Montana West Embossed Collection Clutch/Crossbody,$32.99, ,SKU:MW1117-181BK
MW1109G-9360 Montana West Buckle Collection Concealed Carry Crossbody,$54.99, ,SKU:MW1109G-9360PK
MW1117G-8085 Montana West Embossed Collection Concealed Carry Satchel,$66.99, ,SKU:MW1117G-8085CF
MW1117-9110 Montana West Embossed Collection Backpack,$69.99, ,SKU:MW1117-9110BR
MW1117G-8317 Montana West Embossed Collection Concealed Carry Tote,$69.99, ,SKU:MW1117G-8317BR
MW1070G-920 Montana West Aztec Tooled Collection Western Concealed Carry Hobo,$69.99, ,SKU:MW1070G-920BR
MW1070G-8317 Montana West Aztec Tooled Collection Concealed Carry Tote,$69.99, ,SKU:MW1070G-8317BR
MW1070G-9360 Montana West Aztec Tooled Collection Western Concealed Carry Crossbody,$52.99, ,SKU:MW1070G-9360BK
MW1070G-8085 Montana West Aztec Tooled Collection Western Concealed Carry Satchel,$69.99, ,SKU:MW1070G-8085CF
MW1070-190 Montana West Aztec Embossed Collection Western Multi Purpose Travel Pouch,$42.99, ,SKU:MW1070-190BK
MW1098G-8096 Montana West Concho Collection Concealed Carry Cowboy Boot Tote,$69.99,"15"" X 5"" X 11.25"" (Drop 11"")",SKU:MW1098G-8096BK
MW1109-W018 Montana West Buckle Collection Wallet,$30.99, ,SKU:MW1109-W018BR
MW1098-181 Montana West Concho Collection Clutch/Crossbody,$32.99," 8.5"" X 0.5"" X 5.5"" (Drop 24"")",SKU:MW1098-181CF
MW1093-9110 Montana West Fringe Collection Concealed Carry Backpack,$69.99, ,SKU:MW1093-9110BK
MW1104G-920 Montana West Cut-Out Collection Concealed Carry Hobo,$66.99, ,SKU:MW1104G-920BR
MW1104G-8573 Montana West Cut-Out Collection Concealed Carry Tote,$69.99, ,SKU:MW1104G-8573BK
MW1110-181 Montana West Boot Scroll Embroidered Collection Clutch/Crossbody,$34.99,"8.3"" x 0.4"" x 5.5""  (Drop 24"")",SKU:MW1110-181GN
MW1110G-8317 Montana West Boot Scroll Embroidered Collection Concealed Carry Tote,$69.99,"15.5"" x 5"" x 10.2""  (Drop 11"")",SKU:MW1110G-8317BK
MW1110G-8085 Montana West Boot Scroll Embroidered Collection Concealed Carry Satchel,$66.99,"13"" x 4.5"" x 8.5""  (Drop 10.5"")",SKU:MW1110G-8085BR
MW1110-183 Montana West Boot Scroll Embroidered Collection Phone Wallet,$34.99,"7.5"" x 1.2"" x 5""  (Drop 24"")",SKU:MW1110-183PK
MW1110-W002 Montana West Boot Scroll Embroidered Collection Wallet,$30.99,"7.75"" x 1.25"" x 4.75"" ",SKU:MW1110-W002BK
MW1116G-8317 Montana West Buckle Collection Concealed Carry Tote,$69.99, ,SKU:MW1116G-8317CF
MW1116G-8085 Montana West Buckle Collection Concealed Carry Satchel,$66.99,"Patent Protected! US Patent Pending-Patent 1,558,2043 Application",SKU:MW1116G-8085BK
MW1116-181 Montana West Buckle Collection Clutch/Crossbody,$34.99,"8.5"" x 0.4"" x 5.5""  (Drop 24"")",SKU:MW1116-181CF
MW1116G-918 Montana West Buckle Collection Concealed Carry Hobo,$66.99, ,SKU:MW1116G-918BR
TR140G-8317 Trinity Ranch Hair-On Cowhide Collection Concealed Carry Tote,$86.99, ,SKU:TR140G-8317BR
MW1116-W018 Montana West Buckle Collection Wallet,$30.99,"7.75"" x 1.25"" x 4.75"" ",SKU:MW1116-W018BK
TR140G-8113 Trinity Ranch Hair-On Cowhide Collection Concealed Carry Tote,$89.99, ,SKU:TR140G-8113BR
TR140G-921 Trinity Ranch Hair-On Cowhide Collection Concealed Carry Hobo,$82.99, ,SKU:TR140G-921CF
MW1104G-8085 Montana West Cut-Out Collection Concealed Carry Satchel,$66.99, ,SKU:MW1104G-8085CF
